S.No,Pot Number ,Pot letter,Pot Id,Plant type,Treatment,Fertilizer_Type,Dose (N kg/ha),sample combine code,Ionic strength (mol/L),pH_beforefertilization,pH_afterFertilization_7thday,pH_Afterfertilization_30days,pH Harvest day_after2ndfertilization_60thday,EC_beforefertilization,EC_Afterfertilization_30days,EC harvest day,Plant_Height_BF (cm),Stem_countperPot_BF (no.),Fresh_biomass_BF (gm),Dry_biomass_BF (gm),Fresh_biomass_AF_30days(gm),Dry_biomass_AF_30days(gm),Plant_Height_Harvestday(cm),Stem_count_HarvestDay(no.),Root Length (cm),Nodules Count(no.),Cholorophyll_Data(nmol ch/mg fresh weight)_HarvestDay,Fresh Biomass_harvestday (gm),Shoot Biomass_harvestday dry ,Root Biomass_harvestday(gm),Root Biomass_harvestday dry ,R:S ratio,Soil_P(g/kg) dw_HarvestDay,Soil_NH4(g/kg) dw_HarvestDay,Soil_NO3(g/kg) dw_HarvestDay,Leaf C:N (ratio)_HarvestDay,Root C:N (ratio)_HarvestDay,MB_P_Soil_conc (ug P/g),MB_C_Soil_conc  (ug C/g),MB_N_Soil_conc (ug N/g),NH4_BF_lechates (mg N/L),NO3_BF_lechates(mg N/L),PO4_BF_lechates(mg N/L),NH4_Lechates_HarvestDay (mg N/L),NO3_Lechates_HarvestDay  (mg N/L),PO4_Lechates_HarvestDay(mg N/L),Leaf_Biomass_Nutrients,Shoot_Si   (%),Shoot_Na _(ppm),Shoot_Mg_ (ppm),Shoot_Al_(ppm),Shoot_P_(ppm),Shoot_K_(ppm),Shoot_Ca_(ppm),Shoot_Fe_(ppm),Shoot_Cl_(ppm),Shoot_SiO2_(%),Shoot_Ag_(cps)   ,Shoot_Cu_(ppm),Shoot_Mn_(ppm),Shoot_S_(ppm),Shoot_Zn_(ppm),Roots_Biomass,Roots_Si   (%),Roots_Na _(ppm),Roots_Mg_ (ppm),Roots_Al_(ppm),Roots_P_(ppm),Roots_K_(ppm),Roots_Ca_(ppm),Roots_Fe_(ppm),Roots_Cl_(ppm),Roots_SiO2_(%),Roots_Ag_(cps)   ,Roots_Cu_(ppm),Roots_Mn_(ppm),Roots_S_(ppm),Roots_Zn_(ppm)
1,1,A,A1,L,1,UF,100,aAUF100_1,0.25,5.35,5.40,4.62,5.18,0.54,0.56,0.55,8.90,8.00,13.73,4.38,14.73,4.37,40.50,18.00,30.00,0.00,56.30,40.87,29.20,9.36,7.04,0.24,1.91,0.61,0.64,1.11,1.07,4.63,433.59,0.00,NA,NA,NA,43.572,92.2076,0.071,,0.148,2366,1284,-112,2671,32253,8555,-401,17717,0.32,352.635,4,471,1849,130,,0.23,1312,1488,72,5373,17511,2549,73,10146,0.49,320.018,7,213,3281,180
2,2,A,A2,L,1,UF,100,aAUF100_2,0.25,5.49,5.42,4.90,4.47,0.60,0.62,0.66,22.00,6.00,14.00,4.41,14.67,4.35,48.60,20.00,31.00,0.00,54.00,44.30,29.62,11.73,6.81,0.23,1.88,0.65,0.55,1.08,1.10,0.00,375.90,12.86,NA,NA,NA,83.162,91.7902,0.084,,0.196,2868,1184,-116,2970,33087,10898,-419,21362,0.42,338.362,5,518,2047,141,,0.221,880,1560,104,4217,13866,3015,0,6773,0.47,460.084,7,257,3182,144
3,3,A,A3,L,1,UF,100,aAUF100_3,0.25,5.54,5.46,4.85,4.81,0.76,0.78,0.79,21.60,7.00,15.00,4.43,15.14,4.22,41.60,17.00,32.00,0.00,52.40,40.94,28.00,10.36,5.29,0.19,1.73,1.55,2.20,1.07,1.07,0.00,460.25,0.00,NA,NA,NA,34.821,49.6116,0.126,,0.301,2928,1032,-52,2507,31959,8919,-300,22554,0.64,272.69,4,440,1919,130,,0.267,2256,1097,43,4169,21125,2332,61,17016,0.57,406.856,7,236,3433,159
4,4,A,A4,L,1,UF,100,aAUF100_4,0.25,5.43,5.38,4.94,5.12,0.78,0.80,0.82,17.00,8.00,17.50,4.40,17.43,4.21,45.90,18.00,27.00,0.00,50.00,43.44,28.80,10.84,6.08,0.21,1.29,-0.01,0.01,1.08,1.11,0.29,443.39,1.76,NA,NA,NA,83.285,34.8131,0.09,,0.198,3464,954,-96,2768,32410,10657,-441,24843,0.42,410.102,5,527,2384,157,,0.264,1404,1466,120,4369,14612,2228,-17,10769,0.56,408.447,7,229,3080,156
5,5,A,A5,L,2,UF,100,aAUF100_5,0.25,5.48,5.42,4.88,4.43,0.91,0.93,0.95,15.80,7.00,15.10,4.23,15.10,4.19,50.60,17.00,27.00,0.00,53.20,41.95,28.69,14.02,6.40,0.22,1.59,0.37,0.57,1.08,1.16,0.00,484.81,4.38,NA,NA,NA,39.012,54.3029,0.658,,0.207,1091,1360,89,973,12753,4189,-263,12455,0.44,243.945,3,315,-52,115,,2.313,1301,1346,476,2447,14551,2457,667,12099,4.95,406.98,7,457,1687,209
6,6,A,A6,L,2,UF,200,bAUF200_1,0.50,5.52,4.64,4.98,5.07,0.77,0.79,0.80,24.60,4.00,10.00,4.30,6.90,4.20,0.00,1.00,9.00,0.00,53.70,0.00,0.00,5.23,4.81,0.00,1.87,2.18,2.37,NA,NA,0.00,408.83,0.00,NA,NA,NA,83.979,57.2914,1.684,,NA,NA,NA,NA,NA,NA,NA,NA,NA,NA,NA,NA,NA,NA,NA,,NA,NA,NA,NA,NA,NA,NA,NA,NA,NA,NA,NA,NA,NA,NA
7,7,A,A7,L,2,UF,200,bAUF200_2,0.50,5.54,4.80,4.81,4.72,0.63,0.65,0.66,19.40,6.00,11.00,4.30,5.86,4.21,0.00,4.00,10.00,0.00,47.30,0.00,0.00,5.14,4.76,0.00,1.67,0.43,0.28,NA,NA,6.35,293.69,281.88,NA,NA,NA,33.541,59.1224,0.27,,NA,NA,NA,NA,NA,NA,NA,NA,NA,NA,NA,NA,NA,NA,NA,,NA,NA,NA,NA,NA,NA,NA,NA,NA,NA,NA,NA,NA,NA,NA
8,8,A,A8,L,2,UF,200,bAUF200_3,0.50,5.56,4.78,4.87,4.68,0.56,0.58,0.69,17.00,6.00,12.00,4.29,10.77,4.23,0.00,11.00,12.00,0.00,46.80,0.00,0.00,6.03,5.35,0.00,1.98,2.03,1.55,NA,NA,2.22,190.68,155.45,NA,NA,NA,83.535,62.1296,0.203,,NA,NA,NA,NA,NA,NA,NA,NA,NA,NA,NA,NA,NA,NA,NA,,NA,NA,NA,NA,NA,NA,NA,NA,NA,NA,NA,NA,NA,NA,NA
9,9,A,A9,L,2,UF,200,bAUF200_4,0.50,5.58,5.20,4.64,4.35,0.58,0.60,0.62,12.30,7.00,8.00,4.47,0.00,4.29,0.00,0.00,13.00,0.00,NA,0.00,0.00,4.75,4.41,0.00,1.97,2.46,2.19,NA,NA,0.00,0.00,0.00,NA,NA,NA,36.566,91.4085,3.166,,NA,NA,NA,NA,NA,NA,NA,NA,NA,NA,NA,NA,NA,NA,NA,,NA,NA,NA,NA,NA,NA,NA,NA,NA,NA,NA,NA,NA,NA,NA
10,10,A,A10,L,2,UF,200,bAUF200_5,0.50,5.60,5.30,4.74,4.93,0.70,0.72,0.75,16.40,6.00,17.24,4.47,18.14,4.14,0.00,12.00,14.00,0.00,50.90,0.00,0.00,6.03,5.28,0.00,2.51,0.55,0.52,NA,NA,0.00,329.11,170.72,NA,NA,NA,83.162,91.456,0.407,,NA,NA,NA,NA,NA,NA,NA,NA,NA,NA,NA,NA,NA,NA,NA,,NA,NA,NA,NA,NA,NA,NA,NA,NA,NA,NA,NA,NA,NA,NA
11,11,A,A11,L,3,MF,100,cACF100_1,0.03,5.62,5.34,5.92,5.12,0.58,0.60,0.63,18.00,8.00,11.00,4.41,10.82,4.32,45.40,20.00,26.00,16.00,49.60,37.46,27.92,10.25,8.32,0.30,1.57,0.28,0.18,1.02,1.28,12.67,481.83,28.57,NA,NA,NA,4.867,53.4313,0.037,,0.296,1986,1418,-29,1981,29139,10735,144,14827,0.63,377.502,6,68,3180,81,,0.459,604,1657,296,2305,11039,2226,267,6143,0.98,343.339,7,81,2585,137
12,12,A,A12,L,3,MF,100,cACF100_2,0.03,5.64,5.45,5.41,5.47,0.60,0.62,0.62,12.00,5.00,11.00,4.31,11.56,4.41,47.40,16.00,28.00,20.00,45.70,37.49,27.78,16.74,8.29,0.30,1.76,0.41,0.26,1.01,1.25,0.00,366.01,26.26,NA,NA,NA,0.22,33.6288,0.081,,0.225,2014,1381,-13,2000,23559,10471,70,15909,0.48,345.184,5,82,1968,91,,0.431,451,1652,403,2525,8068,2362,273,4117,0.92,415.295,6,53,2135,74
13,13,A,A13,L,3,MF,100,cACF100_3,0.03,5.66,5.49,5.36,5.36,0.58,0.60,0.60,27.00,5.00,13.00,4.42,13.39,4.37,49.50,11.00,24.00,22.00,48.90,36.90,28.48,18.00,8.39,0.30,1.40,0.42,0.19,1.04,1.85,6.62,496.44,10.59,NA,NA,NA,10.099,26.1059,0.092,,0.241,2024,1370,-27,1815,24185,9327,64,15661,0.52,441.049,5,98,2543,83,,0.367,-99,1769,353,1237,5071,1072,194,2602,0.78,258.448,5,56,371,84
14,14,A,A14,L,3,MF,100,cACF100_4,0.03,5.68,5.22,5.06,5.14,0.52,0.54,0.54,13.50,4.00,11.00,4.28,10.36,4.22,52.00,12.00,26.00,18.00,41.00,38.99,26.74,15.91,7.39,0.28,1.41,0.14,0.16,1.02,1.43,1.61,423.38,30.14,NA,NA,NA,8.851,26.9327,0.606,,0.332,2117,1402,-9,2070,28243,11793,120,16337,0.71,337.707,6,105,3702,176,,0.984,561,1646,359,2574,12456,2056,388,5131,2.1,419.501,7,123,2771,145
15,15,A,A15,L,3,MF,100,cACF100_5,0.03,5.70,5.46,5.69,5.34,0.57,0.59,0.59,15.30,5.00,12.00,4.28,12.81,4.26,44.50,16.00,26.00,20.00,43.20,38.42,28.31,15.32,7.47,0.26,1.71,0.42,0.16,1.03,1.52,3.13,454.32,19.35,NA,NA,NA,36.108,12.9954,1.076,,0.282,2238,1285,-65,2088,29728,11181,98,17367,0.6,337.38,5,93,3211,104,,3.05,632,1457,627,1284,7416,3647,1058,9203,6.52,352.017,8,130,3165,292
16,16,A,A16,L,4,MF,200,dACF200_1,0.06,5.72,5.45,4.79,4.93,0.47,0.49,0.58,22.00,6.00,12.00,4.41,11.87,4.18,44.90,16.00,25.00,8.00,45.30,39.83,28.74,16.95,8.17,0.28,1.74,1.60,1.09,1.01,1.26,10.26,560.61,23.71,NA,NA,NA,85.508,3.3709,0.12,,0.238,1796,1559,-122,2230,32030,11357,-44,12493,0.51,471.551,6,187,4094,123,,NA,NA,NA,NA,NA,NA,NA,NA,NA,NA,NA,NA,NA,NA,NA
17,17,A,A17,L,4,MF,200,dACF200_2,0.06,5.74,5.42,4.88,4.64,0.55,0.57,0.57,18.60,7.00,16.00,4.37,15.72,4.39,54.50,12.00,23.00,7.00,44.10,36.78,25.63,17.58,8.83,0.35,1.89,0.00,0.05,1.00,1.24,0.00,303.78,32.42,NA,NA,NA,43.745,12.1882,0.216,,0.512,291,1694,464,2342,9721,1925,263,2951,1.1,479.201,6,103,1802,91,,NA,NA,NA,NA,NA,NA,NA,NA,NA,NA,NA,NA,NA,NA,NA
18,18,A,A18,L,4,MF,200,dACF200_3,0.06,5.76,5.36,4.77,4.45,0.64,0.66,0.66,19.20,7.00,10.00,4.38,9.37,4.24,39.00,14.00,22.00,7.00,48.00,41.25,29.01,17.42,8.78,0.30,1.65,0.06,0.14,0.99,1.48,7.30,740.47,0.00,NA,NA,NA,91.427,20.7761,0.547,,0.279,2180,1331,-95,2088,32352,11527,1,15934,0.6,456.507,6,185,3135,84,,0.388,427,1665,279,2648,12485,1884,184,3850,0.83,415.509,5,97,2112,85
19,19,A,A19,L,4,MF,200,dACF200_4,0.06,5.35,5.47,5.42,4.31,0.58,0.60,0.60,18.70,5.00,14.00,4.37,13.43,4.49,49.50,12.00,22.00,6.00,47.70,40.58,29.25,16.06,7.97,0.27,1.99,1.09,1.09,1.01,1.45,4.42,698.96,0.00,NA,NA,NA,60.186,17.859,0.184,,0.349,1554,1528,-100,2309,33726,10223,64,12387,0.75,359.313,5,122,2899,96,,0.487,479,1669,348,2840,12748,1935,313,2870,1.04,570.938,9,116,2028,97
20,20,A,A20,L,4,MF,200,dACF200_5,0.06,5.49,5.46,5.22,4.54,0.78,0.80,0.80,16.20,6.00,10.28,4.41,9.28,4.22,48.90,14.00,23.00,5.00,42.10,40.08,28.76,17.45,8.60,0.30,1.59,1.40,1.08,1.01,1.41,1.42,434.87,10.41,NA,NA,NA,92.741,7.2393,1.196,,0.3,1689,1540,-103,2019,31377,9468,75,12919,0.64,382.959,6,108,3370,117,,0.858,286,1680,537,2770,10813,2157,433,4045,1.84,319.955,6,164,2235,131
21,21,A,A21,L,5,None,0,eACK_1,0.00,5.54,5.46,6.37,5.70,0.70,0.72,0.72,33.40,5.00,11.00,4.33,10.11,4.20,53.40,11.00,21.00,19.00,50.90,39.11,27.25,9.55,5.80,0.21,1.38,-0.01,0.05,1.04,1.52,12.15,521.59,19.97,0.7253,11.5452,-0.004,-0.169,2.1137,0.355,,0.165,2577,1181,9,1941,21774,12798,78,19753,0.35,340.655,5,52,2265,51,,0.267,197,1683,231,2145,4787,1449,198,3573,0.57,279.153,4,33,1229,45
22,22,A,A22,L,5,None,0,eACK_2,0.00,5.43,5.55,6.27,5.77,0.52,0.54,0.54,22.50,7.00,14.20,4.46,13.16,4.34,44.90,13.00,20.00,12.00,46.80,37.84,28.11,14.89,7.86,0.28,1.51,0.00,0.05,1.03,1.49,11.65,519.46,25.71,0.4708,11.7678,-0.003,0.022,4.5706,0.263,,0.224,2812,1173,91,2061,16047,9822,119,21729,0.48,404.294,6,55,1941,60,,0.262,483,1644,305,2457,5009,1999,231,4210,0.56,499.081,6,39,1373,50
23,23,A,A23,L,5,None,0,eACK_3,0.00,5.48,5.48,5.87,5.33,0.55,0.57,0.57,19.50,5.00,12.38,4.33,11.38,4.26,31.50,14.00,21.00,11.00,49.10,36.27,28.35,12.48,7.03,0.25,0.86,1.38,0.23,1.05,1.45,9.75,418.17,14.75,0.6483,1.9521,-0.002,-0.048,4.8356,0.56,,0.293,2183,1538,81,2083,15636,12611,154,16727,0.63,427.279,6,75,2880,92,,0.161,-711,1830,206,313,-703,77,58,623,0.34,97.084,3,20,-1269,44
24,24,A,A24,L,5,None,0,eACK_4,0.00,5.52,5.47,5.66,5.50,0.51,0.53,0.53,27.00,5.00,11.66,4.52,9.66,4.27,45.50,14.00,22.00,14.00,47.60,39.13,28.48,13.69,7.20,0.25,1.71,0.96,0.15,1.01,1.63,23.02,524.28,22.68,0.1095,6.200875,-0.003,-0.385,1.457,0.322,,0.176,2955,1099,28,2611,21212,10752,78,22397,0.38,391.375,6,61,2631,64,,0.278,44,1716,217,1953,4150,1201,192,3399,0.6,254.494,5,39,925,93
25,25,A,A25,L,5,None,0,eACK_5,0.00,5.54,5.46,5.81,5.88,0.50,0.52,0.52,8.70,5.00,12.20,4.30,10.20,4.54,29.20,15.00,30.00,15.00,44.30,14.74,8.08,12.54,6.81,0.84,1.59,0.00,0.05,1.01,1.46,21.71,558.52,17.40,0.0742,4.25855,-0.004,0.595,1.9143,0.641,,0.306,2477,1309,71,2174,19512,12296,143,17960,0.66,484.13,6,75,2250,70,,0.28,414,1646,257,2568,6339,1688,218,4570,0.6,433.747,7,42,1256,62
26,1,B,B1,P,1,UF,100,fBUF100_1,0.25,5.56,5.59,5.57,5.25,0.69,0.71,0.71,15.50,9.00,293.00,4.64,28.44,4.20,58.00,33.00,31.00,0.00,40.00,54.57,34.56,25.10,8.12,0.24,1.15,0.67,0.62,1.19,1.13,0.00,486.50,4.78,NA,NA,NA,46.995,17.5552,0.162,,0.728,5376,38,127,2117,16480,4282,34,41675,1.56,322.153,4,139,2782,127,,5.072,-87,1573,978,1083,3208,1371,1979,6003,10.85,416.954,8,232,204,232
27,2,B,B2,P,1,UF,100,fBUF100_2,0.25,5.58,5.54,5.66,5.49,0.55,0.57,0.57,15.80,8.00,35.02,4.63,34.05,4.57,67.50,29.00,32.00,0.00,44.90,44.19,31.72,29.25,8.85,0.28,0.81,0.34,0.26,1.17,1.33,0.00,572.62,19.31,NA,NA,NA,85.166,74.5813,0.018,,0.757,5825,-41,121,2350,16826,4813,-10,44688,1.62,289.484,4,156,3851,106,,4.348,464,1480,1269,1200,5930,1279,1553,8631,9.3,424.577,7,246,329,177
28,3,B,B3,P,1,UF,100,fBUF100_3,0.25,5.60,5.56,5.82,5.27,0.56,0.58,0.58,11.30,8.00,34.23,4.35,33.27,4.42,61.40,34.00,27.00,0.00,41.20,45.76,32.83,20.77,8.39,0.26,0.89,0.00,0.08,1.20,1.81,3.67,274.71,0.00,NA,NA,NA,40.029,89.2935,0.007,,0.677,5525,36,68,2106,23020,4101,-2,42596,1.45,304.291,4,143,3447,80,,5.017,182,1484,824,1347,3552,1358,1872,6982,10.73,548.335,8,211,592,194
29,4,B,B4,P,1,UF,100,fBUF100_4,0.25,5.62,5.45,5.52,5.24,0.63,0.65,0.65,16.50,9.00,29.25,4.70,29.23,4.60,56.00,35.00,28.00,0.00,37.30,45.26,31.94,27.94,8.15,0.26,0.93,0.35,0.32,1.27,1.51,0.00,555.23,0.00,NA,NA,NA,66.572,82.8929,0.015,,0.629,5467,27,72,2500,23501,3782,-8,42364,1.35,243.434,4,146,3159,117,,6.637,-296,1513,1234,640,2873,1077,1736,6400,14.2,418.292,7,187,-200,169
30,5,B,B5,P,1,UF,100,fBUF100_5,0.25,5.64,5.55,5.64,5.05,0.56,0.58,0.58,15.70,11.00,27.85,4.74,26.47,4.50,47.00,44.00,25.00,0.00,38.50,41.15,32.61,18.19,6.53,0.20,0.74,3.11,3.26,1.35,0.89,0.00,681.65,35.79,NA,NA,NA,35.194,84.6768,0.047,,1.771,5061,167,251,1991,18571,4720,330,40370,3.79,319.064,4,190,2923,143,,2.909,570,1454,778,1557,4248,1637,1136,8144,6.22,468.178,9,174,1000,119
31,6,B,B6,P,2,UF,200,gBUF200_1,0.50,5.66,5.10,5.17,4.34,0.50,0.52,0.52,12.00,9.00,39.54,4.57,38.58,4.49,60.00,37.00,26.00,0.00,45.60,7.17,6.56,10.92,4.97,0.76,1.90,0.87,0.74,1.27,1.63,0.00,385.32,130.76,NA,NA,NA,83.472,87.1648,0.026,,0.775,9472,-1074,197,3816,19169,9706,-134,69401,1.66,316.943,6,373,8588,155,,3.615,721,1363,685,1069,1030,4080,1204,10055,7.73,433.718,11,660,624,222
32,7,B,B7,P,2,UF,200,gBUF200_2,0.50,5.68,4.54,4.94,4.28,0.56,0.58,0.58,9.60,6.00,40.23,4.48,39.23,4.43,59.70,38.00,26.00,0.00,40.50,8.28,7.29,14.16,5.66,0.78,2.05,1.42,0.72,1.29,1.53,12.97,644.33,353.87,NA,NA,NA,29.547,87.1075,0.026,,0.829,8105,-639,155,3403,17635,10933,-247,61116,1.77,332.622,6,435,7549,184,,7.596,-783,1606,1152,104,219,2323,1687,3835,16.25,352.351,9,499,-562,187
33,8,B,B8,P,2,UF,200,gBUF200_3,0.50,5.70,4.90,5.21,4.49,0.55,0.57,0.57,14.00,10.00,35.25,4.79,33.17,4.51,75.30,36.00,27.00,0.00,41.90,29.24,12.42,14.75,5.51,0.44,1.61,0.01,0.08,1.08,1.38,0.00,533.49,0.00,NA,NA,NA,82.916,91.1402,0.678,,0.516,2891,902,-60,3376,27929,4602,-113,22383,1.1,346.84,6,220,3010,78,,5.242,-189,1506,1013,428,322,3075,1808,6115,11.21,349.086,12,409,131,268
34,9,B,B9,P,2,UF,200,gBUF200_4,0.50,5.72,5.61,5.61,4.35,0.61,0.63,0.51,13.30,6.00,36.00,4.73,33.14,4.40,60.00,26.00,28.00,0.00,46.90,7.77,6.63,11.52,4.99,0.75,1.63,0.88,0.91,1.29,1.65,0.00,427.38,386.12,NA,NA,NA,33.207,91.583,0.262,,0.92,9385,-995,169,3915,18211,12184,-386,69272,1.97,344.437,6,607,9408,209,,4.6,-250,1601,758,907,-125,3095,1347,4015,9.84,408.659,10,764,422,220
35,10,B,B10,P,2,UF,200,gBUF200_5,0.50,5.74,5.55,5.43,4.47,0.64,0.66,0.59,14.10,10.00,37.00,4.40,34.20,4.53,56.00,53.00,26.00,0.00,42.50,8.81,7.09,10.29,4.96,0.70,2.32,1.87,0.97,1.09,1.48,0.00,486.05,348.13,NA,NA,NA,83.1,91.5195,0.584,,0.652,9044,-1041,153,3910,18640,11698,-202,67126,1.39,336.31,5,373,9516,205,,6.405,1830,954,840,757,1872,5886,2403,20827,13.7,448.26,11,771,300,284
36,11,B,B11,P,3,MF,100,hBCF100_1,0.03,5.76,5.42,5.34,5.80,0.49,0.51,0.46,11.40,8.00,15.00,4.67,10.25,4.51,39.50,25.00,28.00,0.00,22.00,41.97,29.62,29.24,7.60,0.26,1.45,0.10,0.16,0.98,1.42,3.16,617.16,27.07,NA,NA,NA,-0.748,2.381,0.298,,0.757,5579,157,31,2341,25725,3511,83,42471,1.62,338.773,4,81,5747,70,,2.522,405,1560,568,1223,4768,1702,783,7541,5.39,321.099,7,121,940,176
37,12,B,B12,P,3,MF,100,hBCF100_2,0.03,5.35,5.48,4.88,5.17,0.64,0.66,0.56,13.00,7.00,11.50,4.84,8.78,3.94,39.00,15.00,24.00,0.00,22.90,33.05,27.70,22.20,7.22,0.26,2.07,0.11,0.12,1.01,1.73,7.52,631.44,44.34,NA,NA,NA,7.07,91.4402,0.541,,0.912,5440,308,56,1566,20342,5364,36,40993,1.95,368.51,4,96,7371,58,,4.38,-77,1639,830,732,3301,1871,1701,4969,9.37,536.099,10,146,624,148
38,13,B,B13,P,3,MF,100,hBCF100_3,0.03,5.49,5.61,5.19,5.25,0.48,0.50,0.75,18.00,12.00,14.50,4.91,8.35,4.47,39.30,23.00,26.00,0.00,22.00,35.77,27.77,33.52,9.76,0.35,1.73,0.10,0.16,1.27,1.59,0.00,676.46,42.13,NA,NA,NA,5.39,91.2978,0.683,,0.94,4512,527,76,1930,23801,4224,80,34965,2.01,310.924,5,95,7828,51,,5.186,-99,1587,898,820,4920,1836,2305,6298,11.09,342.12,9,214,554,177
39,14,B,B14,P,3,MF,100,hBCF100_4,0.03,5.54,5.42,5.32,5.19,0.49,0.51,0.63,16.00,7.00,15.50,4.51,11.80,4.48,53.60,15.00,26.00,0.00,18.10,29.22,25.87,15.41,5.58,0.22,1.42,0.15,0.14,1.23,2.59,0.46,907.24,60.09,NA,NA,NA,1.091,91.0303,0.206,,2.655,4524,651,319,1679,16524,8675,822,35314,5.68,374.108,5,180,14797,232,,8.369,-631,1654,1222,-10,674,2097,3839,4658,17.9,550.854,11,225,-482,251
40,15,B,B15,P,3,MF,100,hBCF100_5,0.03,5.43,5.45,4.88,5.44,0.57,0.59,0.66,15.00,6.00,13.25,4.67,8.95,4.46,46.00,12.00,25.00,0.00,16.70,32.84,26.77,14.24,5.38,0.20,1.77,0.11,0.12,1.01,1.84,6.03,626.24,64.27,NA,NA,NA,5.047,44.9928,0.154,,1.283,4300,721,175,986,15103,5085,204,33353,2.74,370.892,5,92,7356,72,,0.856,339,1667,443,2415,9148,1791,320,4767,1.83,380.111,7,72,1959,100
41,16,B,B16,P,4,MF,200,iBCF200_1,0.06,5.48,5.48,4.73,4.64,0.44,0.46,0.51,14.50,9.00,14.00,4.58,9.84,4.45,39.00,17.00,23.00,0.00,18.90,39.79,29.16,21.88,7.30,0.25,2.08,0.45,0.09,1.13,2.02,0.00,619.61,40.35,NA,NA,NA,26.982,45.1142,0.422,,0.852,4004,979,4,1791,27867,4759,-46,30676,1.82,332.288,4,195,11566,89,,0.345,578,1745,286,2404,14967,2061,249,4241,0.74,576.096,6,116,2020,97
42,17,B,B17,P,4,MF,200,iBCF200_2,0.06,5.52,5.49,4.70,4.77,0.54,0.56,0.66,10.50,7.00,15.00,4.64,9.39,4.48,37.90,18.00,22.00,0.00,20.20,37.97,29.47,23.64,7.62,0.26,1.82,0.30,0.15,0.98,2.65,7.35,603.29,21.53,NA,NA,NA,83.162,38.9386,0.362,,1.012,5127,361,5,1919,29530,3708,151,39626,2.16,362.597,5,87,8511,62,,3.7,-51,1618,608,516,1961,2327,1709,4377,7.91,456.021,9,179,673,184
43,18,B,B18,P,4,MF,200,iBCF200_3,0.06,5.54,5.45,4.83,4.84,0.73,0.75,0.50,12.20,9.00,14.00,4.59,9.18,4.43,37.60,22.00,22.00,0.00,21.60,37.61,29.93,28.27,8.74,0.29,1.57,0.35,0.16,1.02,2.12,0.00,623.66,0.87,NA,NA,NA,28.589,35.313,0.803,,0.726,4273,647,-19,1735,27754,3325,71,33013,1.55,337.061,4,103,7559,78,,3.159,210,1579,922,690,3869,2302,1973,6167,6.76,431.524,8,157,813,112
44,19,B,B19,P,4,MF,200,iBCF200_4,0.06,5.56,5.44,4.56,4.97,0.51,0.53,0.53,12.80,9.00,14.50,4.51,8.83,4.41,33.00,20.00,23.00,0.00,19.20,37.43,29.17,32.54,9.27,0.32,1.80,0.59,0.15,1.11,2.74,0.00,617.79,41.83,NA,NA,NA,83.285,19.245,0.354,,0.797,4539,476,-4,1667,26109,3256,51,34973,1.71,383.5,4,112,7040,60,,5.252,-80,1530,755,227,3287,2265,2528,6535,11.23,355.979,7,154,550,91
45,20,B,B20,P,4,MF,200,iBCF200_5,0.06,5.58,5.51,4.43,4.75,0.63,0.65,0.65,11.10,9.00,13.50,4.74,8.28,4.53,37.80,20.00,21.00,0.00,19.10,42.67,30.44,33.96,10.39,0.34,1.90,0.41,0.14,1.10,1.15,0.00,549.34,15.97,NA,NA,NA,62.889,0.0117,0.193,,0.165,1587,1596,-74,2242,28494,11561,-61,11905,0.35,322.438,5,163,3508,117,,4.379,113,1609,1588,464,4247,2437,3441,5711,9.37,492.094,8,181,503,94
46,21,B,B21,P,5,None,0,jBCK_1,0.00,5.60,5.35,6.19,5.78,0.58,0.60,0.60,10.40,9.00,15.20,4.32,10.00,4.36,45.10,19.00,20.00,0.00,15.70,29.64,26.79,12.68,5.53,0.21,1.55,0.00,0.05,1.09,1.19,12.84,846.38,48.29,0.0281,7.7712,-0.003,-0.331,0.8762,0.063,,1.398,4841,338,129,3456,19304,4373,387,38221,2.99,288.731,5,63,5309,44,,3.273,382,1477,593,1346,4981,1507,804,6880,7,367.742,9,115,1160,153
47,22,B,B22,P,5,None,0,jBCK_2,0.00,5.62,5.49,6.25,5.76,0.66,0.68,0.68,10.50,6.00,16.32,4.32,13.32,4.30,59.30,10.00,21.00,0.00,21.20,29.60,26.62,16.71,6.54,0.25,1.45,0.89,0.79,1.00,1.48,10.07,733.11,30.30,0.5967,11.11685,-0.004,-0.458,0.0586,0.126,,1.131,3758,766,121,2885,17254,2644,137,30112,2.42,287.111,4,63,3806,30,,2.368,215,1569,567,1381,4408,1156,993,5367,5.06,446.073,8,79,386,103
48,23,B,B23,P,5,None,0,jBCK_3,0.00,5.64,5.54,5.79,5.81,0.49,0.51,0.51,11.80,3.00,10.00,4.73,9.36,4.41,46.50,11.00,22.00,0.00,19.50,29.58,27.12,13.84,5.78,0.21,1.11,0.00,0.05,0.95,0.85,14.88,805.27,0.00,0.2782,2.797875,-0.004,-0.47,0.2339,0.175,,1.442,3889,706,144,3335,18522,3359,242,31042,3.09,357.558,4,101,5655,36,,1.959,412,1534,379,1493,6189,1568,602,6878,4.19,329.794,10,72,1453,202
49,24,B,B24,P,5,None,0,jBCK_4,0.00,5.66,5.43,6.26,5.65,0.59,0.61,0.61,11.80,4.00,10.50,4.42,7.30,4.43,44.20,17.00,24.00,0.00,19.80,6.08,5.53,9.63,4.94,0.89,1.69,0.09,0.19,1.10,0.86,4.45,732.75,21.02,0.0357,4.4172,-0.004,-0.458,0.0586,0.329,,1.606,6864,-153,234,2299,9634,6968,370,53184,3.44,346.316,5,54,5629,62,,4.684,110,1543,746,852,4245,1837,1795,6890,10.02,500.026,10,111,754,197
50,25,B,B25,P,5,None,0,jBCK_5,0.00,5.68,5.48,6.13,5.90,0.60,0.62,0.62,12.20,7.00,10.53,4.52,7.07,4.76,42.20,16.00,25.00,0.00,18.30,6.48,5.96,11.93,6.30,1.06,1.43,0.60,0.26,1.02,0.98,2.40,805.20,21.69,0.7774,4.0538,0.002,-0.47,0.2339,0.406,,1.747,4272,518,243,2860,14256,5165,418,35547,3.74,296.793,5,72,6520,50,,3.608,-22,1634,647,605,3632,2572,800,4074,7.72,413.431,9,332,1553,134
